#{"t_start": 1761513942.155471, "env_id": "PulleyEnv-v0"}
r,l,t
-143933.352358,1,1.149147
-84415.154063,17,1.242826
-143890.521354,1,1.246965
-126292.629342,1,1.246965
-86849.297739,42,1.47149
-16841.599352,94,1.994778
-139870.461856,1,1.994778
-117549.504026,1,2.005249
-171572.286205,2,2.01809
-91150.212911,20,2.132553
-81123.216023,35,2.319988
-81507.673667,44,2.56302
-134983.093307,1,2.570748
-92087.95674,62,2.910218
-86777.417433,29,3.064733
-85791.480608,17,3.151718
-124811.195421,18,3.256769
-135110.918961,1,3.261718
-81660.734557,36,3.458127
-83208.117859,43,3.686802
-93567.686757,48,3.958342
-97842.716895,63,4.315965
-138929.909463,27,4.458715
-117617.268298,1,4.458715
-83690.930998,52,4.754917
-103701.11258,25,4.895753
-116065.015226,29,5.055222
-126269.60954,1,5.061721
-91475.477788,31,5.239485
-89128.804083,19,5.336608
-89700.269956,26,5.4772
-132679.148145,1,5.4772
-135106.815143,1,5.4772
-99581.504379,21,5.602676
-117520.552591,1,5.602676
-158028.745845,1,5.602676
-126369.131412,1,5.618579
-74934.60564,67,5.976691
-113826.514654,13,6.054222
-86757.40788,36,6.261935
-135199.050019,1,6.26837
-68549.873715,42,6.497027
-60118.553625,63,7.439422
-94505.930271,19,7.791665
-98947.706452,32,8.385031
-80238.587741,46,9.220587
-117564.293611,1,9.242365
-65198.591431,31,9.840616
-93116.993756,18,10.170404
-135125.836452,1,10.190436
-164436.685968,2,10.22077
-122141.062838,32,10.826831
-94605.10601,17,11.127251
-99624.265352,20,11.488662
-156924.276855,2,11.521356
-126289.277748,1,11.542378
-88010.549483,28,12.087184
-143918.080946,1,12.107349
-117545.813351,1,12.125506
-126270.12874,1,12.145533
-82116.340057,48,13.070901
-71316.367689,61,14.198333
-68501.882282,53,15.197718
-117584.025152,1,15.216211
-142802.722193,1,15.234061
-117654.121798,1,15.246346
-126378.131474,1,15.269817
-120746.353978,69,16.603526
-117551.0623,1,16.623602
-143913.545433,1,16.643713
-108102.621656,21,17.047565
-83935.988977,24,17.507042
-117550.354434,1,17.537587
-88813.839589,19,17.898669
-137366.035378,1,17.919867
-90205.944155,30,18.500955
-117669.198976,1,18.520544
-83808.356248,40,19.276304
-161743.06903,2,19.321899
-143858.961818,1,19.341807
-156156.636098,2,19.381816
-92872.136587,15,19.668026
-135093.821399,1,19.685797
-105600.034395,19,20.05381
-163310.941847,2,20.094848
-115238.916034,38,20.824164
-98765.859305,19,21.192569
-114899.35819,20,21.563118
-126393.259745,1,21.590508
-74048.662267,34,22.264213
-77721.959504,31,22.820227
-62997.781441,80,24.409495
-96452.329842,29,24.964489
-135164.451067,1,24.983487
-92457.532044,22,25.400827
-117572.199586,1,25.420967
-46665.486695,62,26.631631
-93938.191446,18,26.961491
-90484.604679,32,27.580247
-100009.680313,25,28.026295
-157068.178846,2,28.063946
-87489.048085,50,28.963889
-167046.779298,2,29.004916
-135196.289264,1,29.022016
-119475.757539,27,29.50006
-143821.288769,1,29.519658
-91698.775443,26,29.972025
-150722.945367,1,29.99048
-135113.319038,1,30.007916
-126371.825772,1,30.028273
-35402.578312,86,31.591402
-135093.445653,1,31.616227
-97449.533593,13,31.87095
-119501.711424,12,32.111086
-105552.458014,18,32.456865
-59604.256415,26,32.944212
-117542.26919,1,32.954252
-135099.079569,1,32.985171
-67634.788785,89,34.626581
-143902.645552,1,34.646787
-69005.182566,60,35.681973
-117556.560375,1,35.700941
-95681.745264,32,36.25295
-90130.684426,40,37.021335
-95366.629836,28,37.557496
-143605.304409,40,38.311234
-127320.687047,46,39.168843
-92301.391719,17,39.499277
-83187.193398,19,39.852554
-74377.507414,47,40.75425
-137219.115096,1,40.77027
-126378.718571,1,40.783455
-6175.984228,163,43.705284
-80644.868741,41,44.427856
9864.192987,233,49.055853
-126279.629976,1,49.072293
-117452.923831,1,49.082745
-89116.16395,16,49.349097
-77632.710345,41,50.132404
-161449.248218,1,50.152822
-70734.256953,80,51.621743
1848.778431,214,55.549418
-143930.372727,1,55.569977
-106868.22436,45,56.426541
3036.532768,178,59.699198
-19310.995021,138,62.146078
1516.333893,218,66.058384
137025.805446,250,70.632465
144997.425454,250,75.41882
174502.755823,250,80.153735
-161407.839663,1,80.173135
-16255.284784,144,82.907971
-117550.072972,1,82.926301
141636.904762,250,87.6471
-26467.718072,160,90.674137
-141045.837564,1,90.694515
-135112.884786,1,90.713517
-126382.555723,1,90.736492
153069.141835,250,95.349562
46688.70441,218,99.346861
119216.085598,250,103.895832
-117562.653991,1,103.917246
-117554.738024,1,103.929335
162726.534462,250,108.46398
-19930.585933,146,111.091938
160129.289389,250,115.758475
24994.008155,207,119.518605
8458.937039,223,123.46312
-143815.6631,1,123.473417
-168904.655601,2,123.513235
-8828.616168,143,126.059225
-136774.118432,1,126.077047
-7659.989079,169,129.07928
-1822.802902,242,133.402338
-126300.405209,1,133.426217
-6481.21078,156,136.271707
161542.351015,250,140.69075
148231.551819,250,145.196371
-117550.641965,1,145.216836
-16701.280857,160,148.148542
95547.75502,250,152.771783
53819.799451,234,156.712498
-126162.369188,1,156.732917
-117544.055636,1,156.753623
-10369.06226,158,159.443951
-16958.392875,235,163.521306
-117553.610826,1,163.541672
-3518.388788,205,167.02181
-48594.173967,114,168.935114
-18620.362005,153,171.576595
-18373.903335,140,174.114464
-117545.624186,1,174.134655
138220.841334,250,178.697198
-135111.685706,1,178.719487
-151064.65479,1,178.739151
-37022.640713,113,180.794863
-39261.402381,155,183.599991
-126371.462897,1,183.617527
-156741.918107,2,183.647694
-15429.727858,137,186.152252
-94633.255749,9,186.304803
-143869.01098,1,186.325117
84158.695252,250,190.829826
37791.499205,203,194.572834
-45027.780082,122,196.745772
-135263.830921,1,196.771269
-38316.952154,110,198.772017
-83097.677653,55,199.738064
-129709.234394,84,201.264196
39090.04243,230,205.461758
-135126.943399,1,205.482043
-65370.608277,75,206.864182
-85615.149519,100,208.673561
2525.698345,248,213.103006
-137226.126248,1,213.124649
-44748.914467,99,214.970076
-126175.696144,1,214.988533
-103173.897087,23,215.426843
-135082.760164,1,215.436985
-83449.086808,132,217.953231
-117545.710187,1,217.979911
-61212.442106,65,219.233151
-90224.266525,35,219.912604
-76604.113176,52,220.928505
-59022.101635,53,221.930207
-58266.314581,76,223.376737
-82454.655058,32,223.978985
-75685.107795,81,225.515632
-135096.792431,1,225.53276
-126269.508957,1,225.550716
-70292.574944,47,226.437604
-25705.198902,120,228.689517
-72261.543684,58,229.785651
-117553.810295,1,229.808023
-135098.610062,1,229.832556
-62851.56196,58,230.924245
-70252.586699,53,231.960507
-92091.120327,41,232.752702
-66509.8438,62,233.928236
-134990.536463,1,233.938302
-85660.833239,65,235.17636
-9957.170422,160,238.255288
-64284.058253,127,240.661334
-82495.145129,59,241.786926
-40326.937663,74,243.176985
-135187.692438,1,243.196152
-135199.097411,1,243.217953
-122865.927511,35,243.873901
-135117.335598,1,243.891596
-87651.164388,90,245.581526
-55080.201026,93,247.375947
-51653.4501,96,249.22997
-49577.139597,85,250.899378
-135006.198755,1,250.923462
-163878.28525,2,250.97104
-117552.161516,1,250.987968
-126537.272537,36,251.67947
-116875.961665,30,252.259311
-19099.236236,157,255.31525
-64834.882745,63,256.495163
-117559.563118,1,256.512295
-126279.481072,1,256.532191
-136218.302083,1,256.554276
-35495.786928,84,258.196434
-170725.139941,2,258.226031
-57216.538487,132,260.574397
-31443.459621,110,262.70793
-122536.594476,38,263.407169
-89796.649156,33,263.992425
-12557.071612,193,267.701509
-55219.52853,76,269.159856
-71679.3986,80,270.569774
-153445.290914,1,270.588557
-33949.187478,125,272.898472
-28229.001913,170,276.071619
-130837.993576,48,276.921067
-71032.721987,57,277.92316
-65147.193197,57,278.969527
-71835.625624,60,279.996818
-143936.99057,1,280.019755
-70582.739454,76,281.398728
-71313.321802,88,282.915785
-68249.682639,86,284.469791
-70236.04789,54,285.37136
144241.862173,250,289.957811
-50215.929588,96,291.748946
-117543.280986,1,291.769952
-126264.414552,1,291.789988
165074.325381,250,296.529735
-143903.836184,1,296.547517
-126266.123854,1,296.572545
-135871.760925,1,296.591981
-25712.848752,156,299.479657
-52154.927444,74,300.724589
141500.730075,250,305.002033
-117545.887888,1,305.019159
-62131.472401,109,306.898943
129484.860698,250,311.419319
-25079.946125,131,313.816264
-45314.931471,109,315.850946
-83967.516557,63,317.022309
50895.736817,250,321.742413
-117648.748211,1,321.769393
92256.442184,250,326.131876
170010.239566,250,330.61164
-132175.568347,1,330.628669
197837.072899,250,335.186152
131357.671404,250,339.677983
177917.914936,250,344.209485
89957.326811,250,348.76876
99747.103134,250,353.395997
81968.181901,250,357.944443
148818.507512,250,362.592249
85613.872544,250,367.060037
-184992.633479,2,367.107263
126588.936166,250,371.577248
158451.870931,250,376.064807
29819.905221,250,380.518643
165771.584405,250,385.022464
114247.570841,250,389.561697
-117462.769391,1,389.581907
74966.152178,250,394.03302
129954.441557,250,398.483106
130941.341469,250,403.002121
-117550.232929,1,403.022353
209185.84954,250,407.604266
142394.498902,250,412.053611
231071.703377,250,416.564185
103735.002761,250,421.170812
157008.34895,250,425.756766
103722.760174,250,430.152503
116290.228267,250,434.655138
119988.301396,250,439.101243
-159627.022075,1,439.12202
-135478.703634,1,439.142869
105121.650006,250,443.651891
-135214.46388,1,443.673872
127081.501311,250,448.267013
119260.42878,250,452.867972
145658.493918,250,457.635581
125994.046711,250,462.423066
-135093.903561,1,462.442655
-135123.68743,1,462.460171
84035.710225,250,466.922072
110756.36783,250,471.657933
107970.555718,250,476.267099
129710.983099,250,480.82443
219629.211131,250,485.257189
126044.881021,250,489.788954
210800.87995,250,494.573144
98990.640121,250,499.325512
-135970.393047,1,499.347521
-126396.524322,1,499.366088
97945.183424,250,504.078665
-117451.77169,1,504.099026
359626.349263,250,508.886082
-168181.041789,2,508.923166
100220.071692,250,513.652975
105711.848077,250,518.37417
305470.979961,250,523.073886
123693.364747,250,527.848791
133605.558412,250,532.54856
150762.626626,250,537.144623
100806.349454,250,541.904761
226929.687033,250,546.680086
132069.096761,250,551.315094
353326.474311,250,556.042387
277712.754134,250,560.761265
291210.634573,250,565.426293
134903.166165,250,570.099534
-134988.625081,1,570.122401
165162.183386,250,574.849556
134539.724205,250,579.343655
87018.923605,250,583.908571
305953.140706,250,588.533052
113275.607428,250,593.154902
275792.581223,250,597.705624
209867.572428,250,602.27336
119214.458961,250,606.871598
282206.346365,250,611.399807
134248.310118,250,616.072989
100011.6026,250,620.627906
130825.515963,250,624.955217
241999.424614,250,629.120761
83622.110805,250,633.510251
299268.230098,250,637.847618
-135022.130224,1,637.86805
146037.891519,250,642.332752
343662.341976,250,646.670388
131497.975797,250,651.257019
296520.744942,250,655.701514
122183.440029,250,659.973434
136805.34888,250,664.310816
127965.673688,250,668.699205
127216.650586,250,673.038507
-117445.810542,1,673.063924
-126369.077871,1,673.079293
237595.985156,250,677.498652
-170583.95137,2,677.532543
-135195.006239,1,677.549586
164379.925138,250,682.578492
159508.379683,250,687.015081
280438.029773,250,691.378223
-117557.743983,1,691.398754
-135015.46697,1,691.422693
122867.520858,250,696.435397
131252.407541,250,701.112938
-134089.761808,1,701.13395
-135092.743436,1,701.153957
534693.262575,250,705.880187
138199.329586,250,710.458366
292001.18471,250,715.136293
183822.762132,250,720.155051
132102.909049,250,725.116392
133157.964117,250,729.893221
524373.910874,250,734.620462
436871.60088,250,739.497468
136871.383772,250,744.308853
131047.986368,250,748.867634
315705.743645,250,753.529618
85085.000621,250,758.261412
-152684.279924,1,758.280991
130918.022162,250,763.01009
-159445.295554,1,763.029544
128473.410161,250,767.772713
166223.682693,250,772.592782
302551.207334,250,777.344886
-135043.175204,1,777.366899
103501.549884,250,782.136999
-134987.148547,1,782.14906
-175712.367697,2,782.198623
-117552.0277,1,782.211147
-135092.725293,1,782.237125
246131.583156,250,787.089474
-126432.443166,1,787.11248
114076.93734,250,791.928458
99207.422517,250,796.722974
137527.427475,250,801.558199
138701.084856,250,806.229897
-143961.129974,1,806.250714
645975.781085,250,811.026701
-134989.621247,1,811.047196
398850.859677,250,815.698788
399043.949859,250,820.275111
135439.025053,250,824.914927
-163164.118467,1,824.935204
432657.916512,250,829.609976
250854.784484,250,834.211275
89158.552751,250,838.789493
122917.278237,250,843.351423
-126374.870836,1,843.381693
113732.194735,250,847.978388
-137633.619356,1,847.993184
225613.388705,250,852.560574
116058.040826,250,857.12408
114466.237424,250,861.725367
132897.916563,250,866.217476
124477.874362,250,870.847687
341338.228512,250,875.409649
114020.967897,250,880.026297
133590.428793,250,884.522568
94232.611259,250,889.054908
-126368.361704,1,889.075107
127154.442348,250,893.645717
-137820.122893,1,893.662083
586913.472717,250,898.249679
126743.063476,250,902.762339
110459.587293,250,907.313982
139514.317986,250,983.12702
-143938.190892,1,983.14574
-137739.349273,1,983.165815
-136089.413907,1,983.186176
369446.741863,250,987.987719
129274.151735,250,992.790361
120854.688588,250,997.459897
118164.345358,250,1002.221283
103709.22785,250,1006.945585
183691.10064,250,1011.722208
133277.894335,250,1016.590281
658812.927127,250,1021.300749
88183.345795,250,1026.094754
302933.895389,250,1030.858636
121609.223958,250,1035.598111
125628.608249,250,1040.339747
514243.091844,250,1045.165807
-117542.883202,1,1045.186274
447205.237606,250,1049.997895
126816.357655,250,1054.770715
333500.414146,250,1059.363417
645272.025234,250,1063.986749
113508.665916,250,1068.677529
400265.381671,250,1073.303449
126472.05034,250,1078.007612
131001.846551,250,1082.633748
-135196.294715,1,1082.65417
108587.721514,250,1087.30188
281405.123447,250,1091.840931
-135100.038465,1,1091.858516
-145594.978074,1,1091.876747
93682.324925,250,1096.3972
339655.630207,250,1100.967665
-155142.30422,1,1100.984199
460387.187751,250,1105.673029
91702.653577,250,1110.390385
137508.943982,250,1114.948979
131257.80628,250,1119.562409
127980.71456,250,1124.141806
222105.062841,250,1128.784992
385759.593563,250,1133.378848
-117572.041261,1,1133.401922
477273.341623,250,1138.04946
247599.04734,250,1142.698455
130546.829707,250,1147.33529
-126385.615338,1,1147.355661
131090.464791,250,1152.007411
77845.101893,250,1156.611962
370961.811838,250,1161.099328
462698.33505,250,1165.743695
799778.837713,250,1170.425638
437862.802567,250,1175.171516
-135224.560268,1,1175.191939
621189.98472,250,1179.975327
-126370.588849,1,1179.994923
-199224.74614,4,1180.071839
-117554.176342,1,1180.092801
207945.929081,250,1184.926074
253297.758166,250,1189.685265
448733.128337,250,1194.401667
-181967.587208,2,1194.443156
98029.355376,250,1199.254941
127875.852695,250,1204.054589
225728.611611,250,1208.815466
-159352.782555,1,1208.839629
111279.398066,250,1213.653603
455848.009915,250,1218.423617
582885.191349,250,1223.198445
557625.336222,250,1228.009278
119425.84538,250,1232.805158
-142181.961848,1,1232.825524
495912.768283,250,1237.60579
286111.716306,250,1242.334343
-117551.51417,1,1242.365043
89212.825204,250,1247.111478
-143972.291466,1,1247.132951
130109.033641,250,1251.953323
-117542.949927,1,1251.971088
85864.828951,250,1256.724382
-135097.126555,1,1256.745153
345174.424901,250,1261.559201
127806.907423,250,1266.368719
-152672.421119,1,1266.387505
-117550.50114,1,1266.404691
-127674.487909,1,1266.428434
-135094.586473,1,1266.445391
-155067.766308,1,1266.469082
121118.61213,250,1271.164506
-144031.938818,1,1271.1871
-117648.174354,1,1271.207898
126670.533795,250,1276.02929
117477.771113,250,1280.868688
619147.618339,250,1285.644585
127483.324216,250,1290.439878
-117562.172267,1,1290.45918
127162.796534,250,1295.207021
124229.378372,250,1299.74672
122467.307186,250,1304.428175
514432.319643,250,1309.043958
-126384.475121,1,1309.064865
-126269.296155,1,1309.085286
621254.229785,250,1313.638231
-149374.157221,1,1313.648048
111601.998292,250,1318.066193
-139452.186609,1,1318.08966
-157026.88689,2,1318.125246
-126278.857726,1,1318.142048
739534.938712,250,1322.643478
169859.809386,250,1327.112278
275722.837369,250,1331.506404
-143731.462865,1,1331.524404
-135121.726232,1,1331.547096
123458.404805,250,1336.024455
562448.281022,250,1340.64359
113215.909254,250,1345.14678
562182.63966,250,1349.584136
251144.095592,250,1353.949572
-135101.575404,1,1353.970335
-154705.697968,1,1353.990749
82554.605143,250,1358.334972
604011.606056,250,1362.677049
433848.538222,250,1367.134927
740614.30335,250,1371.566364
409632.083671,250,1375.718138
419347.30075,250,1380.019607
473317.493394,250,1384.550437
507916.259364,250,1388.916445
-135226.710347,1,1388.933383
233293.241203,250,1393.341316
617853.717547,250,1397.905817
-135191.759176,1,1397.926131
482599.020997,250,1402.47744
1026145.103992,250,1406.9943
356537.487918,250,1411.543804
-143708.570058,1,1411.564234
811450.076628,250,1416.341044
556069.186583,250,1421.084787
123582.645781,250,1425.919545
126742.651288,250,1430.734496
285462.018956,250,1435.522446
382436.443299,250,1440.381025
133965.055908,250,1445.219352
122002.114233,250,1450.007194
633696.607916,250,1454.803214
342108.240504,250,1459.593441
372135.475295,250,1464.367106
134136.356079,250,1469.136334
131110.623532,250,1474.556714
579492.370809,250,1480.552553
-134984.327135,1,1480.590512
109154.408235,250,1486.61904
546293.176465,250,1492.762674
-117554.079966,1,1492.793109
109880.377877,250,1498.829674
935598.202771,250,1505.038866
138129.074972,250,1510.901338
-133872.723279,1,1510.941577
230197.501628,250,1517.086864
416493.523886,250,1523.2582
-117546.3492,1,1523.287084
-117542.484271,1,1523.309211
-152667.467307,1,1523.330586
746969.858378,250,1529.308912
130486.856177,250,1535.410292
736666.008952,250,1541.722216
289731.822965,250,1548.088125
-117550.014302,1,1548.109638
628297.542883,250,1554.234625
-168763.738267,2,1554.282515
-126266.769464,1,1554.308852
-117553.160855,1,1554.335663
116029.502395,250,1560.565205
-117553.743383,1,1560.595634
410940.936144,250,1566.76876
112048.507601,250,1573.18831
-117549.61957,1,1573.209616
340063.79468,250,1579.614327
135593.811209,250,1585.989223
491175.07129,250,1592.403306
134845.146822,250,1598.607001
-135097.073876,1,1598.627482
-154267.999736,1,1598.658878
-144071.577188,1,1598.682976
145550.766465,250,1604.884815
-117551.953411,1,1604.908427
-149697.454794,1,1604.928816
127063.064949,250,1611.074435
808635.214476,250,1617.292701
-134185.253004,1,1617.317959
595120.969935,250,1623.586044
-135222.527346,1,1623.621728
815631.440574,250,1629.7433
-126263.22902,1,1629.784447
378487.435468,250,1636.089261
731620.005153,250,1642.459251
128278.6957,250,1648.806749
-143908.971979,1,1648.831965
125160.245168,250,1654.92657
725162.532462,250,1660.996986
-135114.353607,1,1661.017805
453893.552194,250,1667.156359
600067.397454,250,1673.432595
99526.381985,250,1679.379542
901179.176074,250,1685.393506
-137817.355799,1,1685.420482
869259.34612,250,1691.405733
773427.166173,250,1697.497297
-169287.623987,2,1697.541784
674948.066345,250,1703.603905
905526.18281,250,1709.917672
822201.068095,250,1716.094863
602591.382445,250,1721.995118
798053.274431,250,1728.22417
136138.432942,250,1734.37239
637837.413436,250,1740.555357
489948.439326,250,1746.614013
-160461.245346,1,1746.646604
169552.1271,250,1752.458932
-126374.049596,1,1752.484571
126083.161157,250,1758.429231
-135199.665497,1,1758.459394
126363.537359,250,1764.447004
124778.989076,250,1770.522232
132239.203764,250,1776.668177
-159600.14502,2,1776.706712
-117553.714055,1,1776.74118
-164515.649464,1,1776.771137
110043.265243,250,1783.076511
132659.054384,250,1789.453078
93052.143365,250,1795.676126
321181.156071,250,1801.775219
100206.402988,250,1807.898818
-143910.415033,1,1807.922103
846021.667216,250,1814.192011
-135186.07561,1,1814.219772
-135106.844882,1,1814.243141
97888.391238,250,1820.586325
-154253.063678,1,1820.615509
100722.984077,250,1827.041639
-152739.752626,1,1827.062575
493380.03329,250,1833.333935
128919.12284,250,1839.43305
541909.257208,250,1845.644159
-151962.163437,2,1845.697349
617647.968747,250,1852.116962
380032.188089,250,1858.322772
-126404.651564,1,1858.346004
481993.976138,250,1864.362966
897560.393518,250,1870.486778
778885.2261,250,1876.878025
479108.267762,250,1882.896529
112235.935157,250,1889.275304
727144.277358,250,1895.115884
1012668.802634,250,1901.072364
109235.461388,250,1907.10693
759935.737018,250,1913.208924
-132813.819832,1,1913.229093
109825.345949,250,1919.208067
-126270.771709,1,1919.227581
56254.768436,250,1925.16213
694772.82958,250,1931.163274
583401.954992,250,1937.173798
124969.823208,250,1943.052216
100899.182145,250,1949.084789
877402.62266,250,1954.754938
-195728.802056,3,1954.824541
88458.837914,250,1960.89628
277308.723232,250,1966.943796
-117551.81195,1,1966.971824
812233.105032,250,1972.979699
125633.120301,250,1979.123002
818590.153589,250,1985.361456
657013.964301,250,1991.31331
288551.169983,250,1997.221868
373850.433592,250,2003.225874
448678.306318,250,2009.215749
-137789.557683,1,2009.23707
-117451.428281,1,2009.256241
129450.984821,250,2015.250794
548814.230193,250,2021.277206
-125278.483779,1,2021.310122
123029.651258,250,2027.520864
130268.362582,250,2033.835537
-117559.544233,1,2033.876041
-126278.397145,1,2033.895954
87803.516473,250,2040.315526
346840.830712,250,2046.500465
130033.872028,250,2150.146439
910541.780747,250,2156.08706
-135095.848799,1,2156.118444
126321.006142,250,2162.211089
122181.964187,250,2168.292355
133096.381343,250,2174.266511
762354.825341,250,2180.532369
136635.197238,250,2186.505522
-182711.919202,2,2186.5684
837156.404303,250,2192.793506
885492.832759,250,2198.832752
-152083.581134,1,2198.853698
865471.599708,250,2204.892467
767997.492947,250,2210.949783
-154249.058785,1,2210.970607
912615.235339,250,2216.98354
121516.054992,250,2222.923145
807780.314499,250,2228.960997
123657.399077,250,2234.881001
1007152.217354,250,2240.956904
-126280.539324,1,2240.989061
877070.13333,250,2247.045715
270000.936782,250,2253.24744
769902.074437,250,2259.630885
133621.751519,250,2265.850143
643039.632705,250,2272.219182
-117564.520639,1,2272.258112
1596617.151519,250,2278.497277
729388.645225,250,2284.869121
-135218.804669,1,2284.91726
128832.410515,250,2291.36211
-135205.230632,1,2291.389843
133970.557633,250,2297.450782
263527.764564,250,2303.742894
647792.993777,250,2310.005907
106209.477708,250,2316.276934
670399.690085,250,2322.544363
776601.669689,250,2328.8992
140459.54731,250,2335.001531
-126503.524374,1,2335.021181
128395.229003,250,2341.333633
137090.35942,250,2346.939318
577285.482411,250,2351.273564
138120.664554,250,2355.604467
835494.274126,250,2360.180799
1140223.502649,250,2364.736164
474220.242885,250,2369.287608
-143823.207526,1,2369.307798
884997.157244,250,2373.911324
669229.552945,250,2378.72057
882503.746152,250,2383.46789
132364.676304,250,2388.272584
885897.670736,250,2393.080569
72470.106865,250,2397.804257
-126413.976156,1,2397.822971
101202.034203,250,2402.603427
110883.76971,250,2407.414027
995975.754403,250,2412.268281
126692.083585,250,2417.016021
771410.590288,250,2421.841385
-126277.0225,1,2421.861001
120098.411275,250,2426.757221
644432.86828,250,2431.515555
1252214.459059,250,2436.228595
-161479.399647,1,2436.246867
-117547.16019,1,2436.263609
-126280.571635,1,2436.286576
-143955.67397,1,2436.304296
-155248.150453,1,2436.330655
616361.989522,250,2441.128328
137644.064284,250,2445.932387
-88888.685444,31,2446.519005
1087482.646412,250,2451.277969
142397.077916,250,2456.078018
566494.799745,250,2460.852153
888382.007693,250,2465.637674
134185.002752,250,2470.450466
967900.676767,250,2475.148829
-117643.385436,1,2475.167238
1193830.194116,250,2479.98921
-117591.06947,1,2480.007385
1658063.094248,250,2484.759056
1478049.585698,250,2489.523676
332889.572064,250,2494.126647
1521147.434794,250,2498.672244
-135206.858349,1,2498.687697
844878.654837,250,2503.249813
61528.784088,250,2507.839293
872076.130482,250,2512.413364
131862.552136,250,2516.932915
946933.067549,250,2521.459431
1185852.440041,250,2526.038607
1673363.908536,250,2530.765654
842385.357914,250,2535.352733
-197030.274519,2,2535.393149
1543219.451191,250,2539.85124
1218407.500065,250,2544.475215
-116569.498037,1,2544.501044
123301.741061,250,2549.107046
116981.344957,250,2553.719362
118423.263949,250,2558.118537
1164500.411626,250,2562.527568
1692290.480197,250,2567.096013
-126384.236226,1,2567.110678
-117467.536366,1,2567.133436
-126266.709371,1,2567.151488
-117444.700357,1,2567.173452
82134.68156,250,2571.736187
983291.935479,250,2576.341139
123744.852427,250,2580.884835
94218.828183,250,2585.476335
126150.858274,250,2590.143682
-117550.174254,1,2590.167991
1864333.58346,250,2594.67042
1321137.845193,250,2599.274864
115030.498691,250,2603.872213
599827.93973,250,2608.543877
1915826.361031,250,2613.09779
83158.606244,250,2617.888722
-126268.129985,1,2617.914162
175515.342474,250,2622.773976
1936783.096694,250,2627.539882
-126367.260269,1,2627.556674
-117549.592342,1,2627.580025
-143902.127446,1,2627.600387
-149659.33925,1,2627.625337
1787050.982701,250,2632.342406
2230228.965089,250,2637.153895
1408452.993696,250,2641.960024
747078.303183,250,2646.762307
2532680.583205,250,2651.632499
1903134.616688,250,2656.249693
2120913.742715,250,2660.921316
1721956.570005,250,2665.640757
1792494.856989,250,2670.400926
-135312.811294,1,2670.418488
1674971.6349,250,2675.19351
-126478.464956,1,2675.213767
-153354.199929,1,2675.234283
1480605.08938,250,2679.95086
117618.405159,250,2684.774925
-134999.658836,1,2684.787971
-117553.105355,1,2684.808676
1295629.250222,250,2689.496881
-190704.563598,2,2689.537932
1062433.66748,250,2694.29918
2395417.326113,250,2699.130947
-157849.014087,1,2699.147852
-163270.274879,1,2699.161652
-135142.162796,1,2699.182174
1689603.319506,250,2704.005245
1673132.866691,250,2708.700958
1999402.318411,250,2713.512285
-117668.907037,1,2713.54288
288061.100512,250,2718.368755
1802674.845431,250,2723.09635
121532.719339,250,2727.919119
-151133.176904,1,2727.941887
1516217.460754,250,2732.753091
2356146.996272,250,2737.37712
-143938.23796,1,2737.387205
1097904.33951,250,2742.049226
-117653.971986,1,2742.069946
-117477.019126,1,2742.092169
131641.071849,250,2746.789178
1857126.555093,250,2751.313072
75711.599992,250,2755.932955
-153523.127823,1,2755.954166
-143812.140072,1,2755.974789
117177.052908,250,2760.585224
830155.458265,250,2765.144256
-117673.093927,1,2765.166699
1825289.049446,250,2769.668951
-135100.163207,1,2769.692681
2015203.965166,250,2774.25165
-134104.136295,1,2774.272987
112634.619228,250,2778.79893
-135107.881796,1,2778.81959
-145760.530673,1,2778.844382
-154208.258959,1,2778.864577
1046632.564866,250,2783.450286
1563297.702581,250,2787.991144
-135159.745509,1,2788.011689
1472880.051505,250,2792.587573
2112670.19073,250,2797.205132
105382.83449,250,2801.780523
1848213.148722,250,2806.371604
113013.931756,250,2810.88896
132531.038233,250,2815.374683
1575891.304915,250,2820.005762
2215852.078676,250,2824.604698
159370.672448,250,2829.162935
1283206.610743,250,2833.848444
-145802.39984,1,2833.868166
173990.202608,250,2838.387145
-137835.087154,1,2838.40232
2171354.575689,250,2842.891135
2640775.935235,250,2847.428154
-157055.6356,1,2847.444554
1568617.646082,250,2852.047391
-117549.121476,1,2852.067777
-135110.809376,1,2852.088042
1052275.843561,250,2856.816082
2219990.53572,250,2861.538163
-135012.084088,1,2861.560067
2133504.47705,250,2866.508883
2045479.595462,250,2871.282412
2353558.476391,250,2876.056816
-135221.324676,1,2876.074937
1419783.53197,250,2880.594539
1979396.878621,250,2885.229192
125798.483404,250,2889.969064
126948.903348,250,2894.839791
133632.281092,250,2899.618632
1250518.507296,250,2904.339673
2133748.219001,250,2909.241157
-117569.571596,1,2909.26184
222274.767201,250,2914.005528
-117650.565562,1,2914.031163
2513281.168114,250,2918.835851
2076085.952131,250,2923.566
-136505.878894,1,2923.588506
372634.857761,250,2928.357385
-151004.259238,1,2928.382936
1452592.612719,250,2933.069698
107412.538488,250,2937.875924
1130497.116437,250,2942.734832
-135226.379763,1,2942.753633
-126267.351361,1,2942.777176
124325.940915,250,2947.606026
775873.983547,250,2952.359097
-117548.057729,1,2952.379576
1171910.075428,250,2957.21848
2292755.817815,250,2961.936329
-117549.300338,1,2961.955467
-126261.782956,1,2961.98263
2332139.959726,250,2966.689172
129017.019442,250,2971.524773
-116558.019376,1,2971.549186
-90881.135175,23,2972.000256
109583.592519,250,2976.649865
-50376.042427,139,2979.149841
2014776.308344,250,2983.735149
1189518.834379,250,2988.356268
-117551.072153,1,2988.366112
-157362.031338,1,2988.386191
1273596.071071,250,2992.70647
1089858.338613,250,2997.013742
130752.997962,250,3001.61579
2108873.874875,250,3006.233557
-126279.207874,1,3006.245342
1462047.926796,250,3010.797657
105461.342615,250,3015.35101
1735216.463295,250,3019.889534
119649.127793,250,3024.40903
1922696.115055,250,3029.031704
1405541.530946,250,3033.680261
693160.477949,250,3038.166342
-135101.978657,1,3038.175409
113965.992169,250,3042.759844
129435.366767,250,3047.349823
1456788.019619,250,3051.950339
1374691.754473,250,3056.587772
-117548.879839,1,3056.607998
1329210.924686,250,3061.246323
1205141.270354,250,3065.919392
1972815.971971,250,3070.544655
1236176.210304,250,3075.236431
1520035.526599,250,3079.748913
115946.550328,250,3084.419255
-143963.636012,1,3084.434974
-117740.193653,1,3084.457027
-151074.415835,1,3084.4733
116848.43899,250,3089.079456
-137775.062931,1,3089.09668
-117553.043112,1,3089.118366
-143931.404534,1,3089.137098
-126178.728406,1,3089.157293
2099978.952409,250,3093.731446
-137765.495689,1,3093.752205
689423.095448,250,3098.520454
2107635.655365,250,3103.365171
-135106.953458,1,3103.385222
1078981.359917,250,3108.254799
1502617.880417,250,3113.086092
1682331.949394,250,3117.904303
-134791.010978,1,3117.925993
128467.491569,250,3122.790952
1621307.09236,250,3127.606636
1615997.308624,250,3206.179882
1540224.022624,250,3210.955727
2150464.180179,250,3215.614873
2096142.768924,250,3220.162802
-154384.017509,1,3220.174175
2303826.341494,250,3224.836582
-164944.857128,1,3224.859185
1921586.627242,250,3229.5194
1513541.253657,250,3234.079421
1972287.602285,250,3238.639317
127689.414594,250,3243.232405
-117551.29164,1,3243.250797
-137608.205047,1,3243.270884
2383597.256056,250,3247.868421
132258.635247,250,3252.378888
2066283.950511,250,3256.905511
132806.502751,250,3261.533029
2220147.269034,250,3266.103334
135631.807925,250,3270.634182
1998937.081289,250,3275.215874
-152105.667169,1,3275.236643
3002968.162184,250,3279.793816
2214845.974383,250,3284.330462
2035317.26016,250,3288.889951
-134009.796202,1,3288.912425
1091405.927407,250,3293.440585
2427815.438577,250,3297.961606
-143815.657583,1,3297.971619
2046838.161715,250,3302.476623
-143939.36415,1,3302.497014
-135110.715807,1,3302.517574
2122494.798665,250,3307.107254
97795.060873,250,3311.675695
-117558.163301,1,3311.701565
1894423.217669,250,3316.262484
2002545.925407,250,3320.821251
-117569.253732,1,3320.837082
2325924.328242,250,3325.751904
-149733.238281,1,3325.782482
-142086.176064,1,3325.803111
-135105.487068,1,3325.833837
2019711.566753,250,3330.42584
1721347.552182,250,3335.032555
-117664.349156,1,3335.042747
112621.002626,250,3339.511668
2203510.390373,250,3344.217886
1736945.266265,250,3349.045252
1085350.594422,250,3353.910919
2201171.70076,250,3358.733344
-135232.321341,1,3358.74931
-153389.228219,1,3358.771402
2061568.247841,250,3363.692447
1806132.537557,250,3368.539317
-157091.614022,2,3368.585171
2344762.036274,250,3373.410398
2372899.940367,250,3378.179248
104555.557248,250,3382.99578
-140664.599964,1,3383.01068
-135097.575026,1,3383.031437
-135092.854029,1,3383.053641
2036242.352586,250,3387.919994
-126170.821693,1,3387.942932
116403.283157,250,3392.742818
-135099.742034,1,3392.756232
-135199.261495,1,3392.772502
-145690.673013,1,3392.798826
143087.197471,250,3397.49453
2145938.008698,250,3402.191164
1843387.478295,250,3406.990235
-135206.742005,1,3407.013495
2171729.71677,250,3411.825727
-126185.75267,1,3411.85444
-145992.796468,1,3411.876888
64985.410294,250,3416.656207
-143885.154587,1,3416.671533
-117545.030623,1,3416.697289
112219.796458,250,3421.500298
2070864.311585,250,3426.344771
1755612.986257,250,3431.132449
1818821.412649,250,3435.909094
-152648.43494,1,3435.933325
2562429.216465,250,3440.648657
1821155.831328,250,3445.438016
2191178.279518,250,3450.188263
2060619.149127,250,3454.892374
2077959.779476,250,3459.591938
1760189.520277,250,3464.209828
1900113.773596,250,3468.805086
2362281.199105,250,3473.520974
2143001.293826,250,3478.15614
116589.39287,250,3482.749682
2733052.839097,250,3487.222406
1862924.588039,250,3491.678215
-145474.769773,1,3491.700848
90569.979626,250,3496.031571
1906649.048894,250,3500.536457
-132997.305725,1,3500.564763
-143874.332247,1,3500.587626
1985562.337543,250,3505.112299
-126485.278246,1,3505.130523
685452.277053,250,3509.699956
-126263.442718,1,3509.721006
90218.585924,250,3514.337061
2208776.975358,250,3519.008242
2939382.531604,250,3523.617957
2222105.165528,250,3528.182442
1893364.674586,250,3532.768762
-182552.614475,2,3532.79886
2196848.561486,250,3537.398231
-135222.837526,1,3537.417952
-126473.650398,1,3537.443397
-117551.590003,1,3537.460304
-117632.839457,1,3537.480427
122631.756647,250,3542.084342
125013.474256,250,3546.788279
2863855.908431,250,3551.40071
2101494.55973,250,3555.925606
2474635.815415,250,3560.524445
1946171.507211,250,3565.120619
-126278.406034,1,3565.14516
-135008.114355,1,3565.16557
99173.614031,250,3569.778167
104553.678399,250,3574.504294
-117553.475085,1,3574.524911
2742960.787941,250,3579.383739
2397576.733811,250,3584.161184
-125363.515467,1,3584.180674
1586211.751958,250,3588.984697
-136979.534163,1,3589.005088
-117661.257378,1,3589.035863
1815923.436261,250,3593.827238
-126503.494707,1,3593.849553
119405.544879,250,3598.6939
2174956.657707,250,3603.467495
-113351.362538,16,3603.765724
-117562.722089,1,3603.787341
2286072.753935,250,3608.622386
117560.308188,250,3613.400317
75328.113866,250,3618.19932
2063425.627435,250,3623.079179
-143850.7735,1,3623.102831
1927265.430663,250,3627.936404
122130.14261,250,3632.728487
-117564.71755,1,3632.749045
-142412.127921,1,3632.759477
95340.004684,250,3637.575882
123274.580112,250,3642.353739
1702490.096486,250,3647.131118
112663.470278,250,3651.932033
-143841.919516,1,3651.954558
2186440.819811,250,3656.712061
1827928.424178,250,3661.507262
-156956.329564,1,3661.532257
-134999.004334,1,3661.553953
-135090.057989,1,3661.570088
112157.707148,250,3666.343757
1780712.914531,250,3671.121483
1782521.602026,250,3675.885754
-149930.639415,1,3675.906022
2217660.439368,250,3680.668839
2106574.510119,250,3685.430112
2034898.753312,250,3689.982941
-133894.399196,1,3690.003103
2262702.343306,250,3694.449357
2023155.070413,250,3699.112553
2156376.569833,250,3703.737161
2530937.543079,250,3708.322394
2137146.739127,250,3712.970841
2274110.570092,250,3717.679539
133319.436523,250,3722.333779
2157267.103049,250,3726.971739
2109823.947392,250,3731.737965
2126248.173973,250,3736.352552
1984920.816758,250,3740.958393
-135197.976564,1,3740.968478
-546255.684378,250,3745.575974
1820592.456512,250,3750.280992
1908110.564443,250,3754.841456
-117552.199603,1,3754.861643
93107.495488,250,3759.457552
-134992.105963,1,3759.473532
119320.784992,250,3764.101966
-117548.611411,1,3764.118553
1991121.821072,250,3768.726795
-126273.396264,1,3768.75216
1713199.188013,250,3773.350081
2471764.006794,250,3778.004881
2344417.874485,250,3782.594249
2463465.395383,250,3787.192494
2004580.883186,250,3791.807592
-117552.892436,1,3791.821541
2502833.939045,250,3796.394512
111528.172656,250,3800.912272
2212120.851709,250,3805.510892
1741363.748496,250,3810.230707
-126324.486882,1,3810.250833
-117549.010483,1,3810.275656
2423555.497642,250,3814.883518
2082493.915122,250,3819.783567
2478627.08345,250,3824.552786
107752.606684,250,3829.246042
2117013.684796,250,3834.058897
-125274.878448,1,3834.079861
-135094.71045,1,3834.100467
94784.795054,250,3838.935751
-126177.611827,1,3838.953814
1850728.977358,250,3843.620029
-137594.818601,1,3843.629725
2252829.183343,250,3848.13326
57777.104193,250,3852.959068
-154279.348901,1,3852.982699
1659809.748781,250,3857.846598
-135205.503907,1,3857.872947
110153.18432,250,3862.704387
2055435.400058,250,3867.533745
-126179.489287,1,3867.554246
2040270.723987,250,3872.371607
2038885.612644,250,3877.138987
2979972.686168,250,3881.951895
117711.678646,250,3886.789157
100925.632096,250,3891.569404
2264054.915308,250,3896.389256
2224351.400577,250,3901.159197
2061013.21534,250,3905.922612
1945843.460699,250,3910.617689
-126273.553291,1,3910.638792
2690668.053686,250,3915.501824
-117652.508121,1,3915.515162
2111108.000819,250,3920.367962
1786398.663406,250,3924.897692
106087.530991,250,3929.643052
-135094.145923,1,3929.666101
2113584.770435,250,3934.080722
-117678.617337,1,3934.100966
101662.104529,250,3939.737929
1968263.923074,250,3946.139349
2012280.406563,250,3951.479277
-126472.919498,1,3951.499606
1890490.394487,250,3955.784335
1249588.097661,250,3961.977306
1976961.384133,250,3968.308265
483216.383179,250,3974.609603
-135081.885361,1,3974.634507
986664.505428,250,3980.950032
1696698.602973,250,3987.190301
132756.607743,250,3992.294466
1825366.960595,250,3997.434924
912961.737763,250,4003.638269
3464016.395768,250,4009.786647
2084627.560168,250,4016.039305
-117556.364342,1,4016.065756
-133694.160488,1,4016.094478
96245.454802,250,4022.380248
-117648.368129,1,4022.402807
1861992.932661,250,4028.615411
-126369.283969,1,4028.635474
2117231.242933,250,4034.932846
-135085.656172,1,4034.954426
-135107.503392,1,4034.982406
-135090.069021,1,4035.002558
2309733.450758,250,4041.253359
-135206.208621,1,4041.272573
2214348.159795,250,4047.4322
-126409.824346,1,4047.457202
105223.264044,250,4053.526316
1560245.843715,250,4059.346678
1970413.3689,250,4065.535036
2749953.00384,250,4071.56746
1923019.732609,250,4077.445237
-186822.143901,3,4077.533352
-135010.307269,1,4077.560486
-135131.899808,1,4077.588416
-126278.315452,1,4077.613222
2159715.486645,250,4083.700027
-155367.632906,1,4083.731825
-152859.735605,1,4083.759902
1922905.442814,250,4089.661813
121399.360963,250,4095.738531
-126403.539268,1,4095.758997
2852443.641694,250,4101.789754
1584165.799961,250,4107.894887
105625.674028,250,4114.045926
2106862.204289,250,4120.007833
-126328.191428,1,4120.031965
79362.004177,250,4126.008466
-135083.948424,1,4126.034904
-135106.321705,1,4126.055836
2310513.848838,250,4132.12677
3503224.673244,250,4138.146303
1962834.069741,250,4144.167848
125014.843322,250,4150.119477
2462352.580953,250,4156.382626
-161411.556259,1,4156.404181
-135301.207691,1,4156.42376
140742.18141,250,4162.557193
2057484.544324,250,4168.807564
2580148.822216,250,4174.982777
2243274.712937,250,4181.248509
-117668.109004,1,4181.269487
2658092.680487,250,4187.770941
-137631.346312,1,4187.791668
585063.289373,250,4193.985354
-135201.898322,1,4194.011036
-117547.100184,1,4194.035143
2378503.473297,250,4200.386416
368955.867993,250,4299.98036
-126373.601174,1,4299.99641
-126427.319386,1,4300.027622
1939718.679725,250,4306.27016
2213712.726219,250,4312.330234
108555.798425,250,4318.313597
-117550.664025,1,4318.333936
2268435.265264,250,4324.17801
2040041.320318,250,4330.069023
1552309.071494,250,4336.044164
2423293.789654,250,4342.140356
2012107.395503,250,4348.168273
2609297.934414,250,4354.164683
99717.120006,250,4360.312775
1991451.392994,250,4366.464251
2381219.131666,250,4372.753701
1674988.387515,250,4378.849094
2007975.863769,250,4385.160619
3291538.90112,250,4391.603178
2430663.768406,250,4397.763281
1595014.199401,250,4403.932745
108008.858275,250,4410.32936
108441.27677,250,4416.285868
2044781.505235,250,4422.767194
-135127.195057,1,4422.806777
2381587.277774,250,4429.03592
1909219.958917,250,4435.278728
-117548.108003,1,4435.298371
-125369.213154,1,4435.321387
128285.236274,250,4441.56844
1815257.488135,250,4447.860049
-156497.761682,1,4447.874758
2655480.797981,250,4454.157589
111421.644554,250,4460.432274
1941179.008968,250,4466.767527
2374006.834918,250,4473.143782
87925.427512,250,4479.68132
2063491.927927,250,4486.023874
95950.709922,250,4492.379305
121117.461065,250,4498.802199
-173165.718376,2,4498.853876
-170942.161401,2,4498.904923
1790195.443739,250,4505.268146
-116547.668487,1,4505.295589
1977333.83146,250,4511.501769
2268058.802382,250,4517.507028
113090.117347,250,4523.790893
711515.110491,250,4530.165114
1935048.973006,250,4536.792596
127907.111631,250,4543.298084
114892.440465,250,4549.513711
2240793.237086,250,4555.674624
3214197.223006,250,4561.978501
946270.29935,250,4568.450783
2081557.135736,250,4574.889932
117050.572215,250,4581.555447
2001246.962238,250,4587.542527
108625.132312,250,4593.811314
127234.804455,250,4599.973089
-117559.368149,1,4600.020689
1878378.129389,250,4606.508455
2053294.039609,250,4612.916509
124157.651347,250,4619.466443
1884879.763152,250,4625.959604
2962922.81536,250,4632.400296
2043932.384796,250,4639.082883
2104211.946159,250,4645.41682
2964828.896247,250,4652.069444
1945137.517358,250,4658.720763
-153664.54621,1,4658.759576
2072009.313437,250,4665.01049
1770293.526628,250,4671.815125
1952826.12149,250,4678.357668
1795900.44401,250,4685.051551
113291.555205,250,4691.288089
125934.889056,250,4698.693834
-135201.578501,1,4698.714525
1700842.894501,250,4706.980216
1928464.846403,250,4714.017611
2201643.498909,250,4720.616907
2349104.533421,250,4727.232698
113080.152718,250,4734.516062
1856128.798226,250,4741.283467
103880.440918,250,4747.817392
-166830.15718,2,4747.865937
-117565.760932,1,4747.890107
108738.7594,250,4755.031538
125236.267942,250,4761.574437
-126287.599197,1,4761.594797
2080337.621263,250,4765.968396
1940277.116822,250,4770.300123
-135095.818347,1,4770.307528
2948065.317753,250,4774.8193
2051904.967395,250,4779.476391
-169586.819181,2,4779.51273
-117550.259102,1,4779.534609
1711368.144459,250,4784.157366
2053473.128446,250,4788.71574
-135026.834312,1,4788.73816
1987782.699198,250,4793.287659
115785.312981,250,4797.94384
2028960.404763,250,4802.469606
110759.971886,250,4807.006007
-143808.383545,1,4807.035997
-191880.161385,2,4807.076745
2250578.487592,250,4811.836915
2244738.008122,250,4816.451304
1952830.988355,250,4821.174001
-155329.844467,1,4821.190703
-143889.624411,1,4821.215816
-126386.620417,1,4821.23515
82894.342965,250,4826.082234
1826356.098674,250,4830.683996
-153896.017219,1,4830.699781
102963.340774,250,4835.433064
-135130.541324,1,4835.458584
-135124.774199,1,4835.488688
2005557.37968,250,4840.312277
-137561.430582,1,4840.330017
146047.114575,250,4844.846906
92141.50723,250,4850.558275
-117594.472724,1,4850.588755
-170714.719165,2,4850.642643
-126266.784036,1,4850.66716
